poll_id,answer,pollscore,sample_size,pct,stage,transparency_score,numeric_grade,end_date,ranked_choice_reallocated
1,Harris,-0.3,2837,44.2415582947433,general,3,1.9,2024-07-16,FALSE
2,DeSantis,-0.3,2788,41.343525941483676,general,3,1.9,2024-02-13,FALSE
3,Trump,-0.3,672,57.131528900936246,general,3,1.9,2024-03-18,FALSE
4,Kennedy,-0.3,843,53.683743979781866,general,3,1.9,2024-04-30,FALSE
5,Harris,-0.3,2422,55.64140592236072,general,3,1.9,2024-03-29,FALSE
6,Kennedy,-0.3,1764,52.944191112183034,general,3,1.9,2024-05-18,FALSE
7,West,-0.3,722,45.6058808369562,general,3,1.9,2024-09-20,TRUE
8,Kennedy,-0.3,1377,46.80145022459328,general,3,1.9,2024-02-03,FALSE
9,Trump,-0.3,1214,40.962538863532245,general,3,1.9,2024-05-18,FALSE
10,Oliver,-0.3,2147,56.06909648049623,general,3,1.9,2024-02-27,FALSE
11,Stein,-0.3,1332,42.0965604390949,general,3,1.9,2024-05-19,TRUE
12,Stein,-0.3,1385,52.655837861821055,general,3,1.9,2024-02-26,TRUE
13,Harris,-0.3,2726,48.83957543410361,general,3,1.9,2024-03-12,FALSE
14,Stein,-0.3,903,58.41441750526428,general,3,1.9,2024-04-28,FALSE
15,West,-0.3,588,42.523533925414085,general,3,1.9,2024-06-08,FALSE
16,Stein,-0.3,1938,40.281997793354094,general,3,1.9,2024-08-31,FALSE
17,West,-0.3,1821,57.29500516783446,general,3,1.9,2024-10-28,FALSE
18,Stein,-0.3,2679,56.013459376990795,general,3,1.9,2024-04-27,FALSE
19,Trump,-0.3,1978,57.037221253849566,general,3,1.9,2024-09-28,FALSE
20,Kennedy,-0.3,802,51.678499416448176,general,3,1.9,2024-02-03,FALSE
21,Trump,-0.3,647,46.732089151628315,general,3,1.9,2024-05-01,FALSE
22,Oliver,-0.3,1871,51.35406465269625,general,3,1.9,2024-01-02,FALSE
23,Kennedy,-0.3,1981,42.66682416666299,general,3,1.9,2024-07-23,FALSE
24,Oliver,-0.3,2429,48.073350954800844,general,3,1.9,2024-08-04,FALSE
25,DeSantis,-0.3,2904,58.022125009447336,general,3,1.9,2024-04-14,FALSE
26,DeSantis,-0.3,2745,50.96965015400201,general,3,1.9,2024-09-27,FALSE
27,Trump,-0.3,1702,42.41265778429806,general,3,1.9,2024-08-02,FALSE
28,Kennedy,-0.3,623,57.800758448429406,general,3,1.9,2024-09-11,FALSE
29,Trump,-0.3,665,56.1523280153051,general,3,1.9,2024-03-06,FALSE
30,Harris,-0.3,534,42.36776498146355,general,3,1.9,2024-02-07,FALSE
31,Harris,-0.3,1257,40.87736718356609,general,3,1.9,2024-02-22,FALSE
32,Oliver,-0.3,507,43.59432203695178,general,3,1.9,2024-10-26,FALSE
33,West,-0.3,822,54.223699984140694,general,3,1.9,2024-01-18,FALSE
34,Biden,-0.3,2131,51.072999043390155,general,3,1.9,2024-02-08,FALSE
35,Kennedy,-0.3,612,48.330810200423,general,3,1.9,2024-03-25,FALSE
36,Stein,-0.3,2642,50.20457704551518,general,3,1.9,2024-10-08,FALSE
37,Stein,-0.3,1753,40.94521059188992,general,3,1.9,2024-06-27,FALSE
38,Trump,-0.3,1322,58.397502060979605,general,3,1.9,2024-04-16,TRUE
39,West,-0.3,2393,40.947474534623325,general,3,1.9,2024-01-28,FALSE
40,Harris,-0.3,1511,41.00691080093384,general,3,1.9,2024-07-15,FALSE
41,Stein,-0.3,1110,56.67460299562663,general,3,1.9,2024-09-06,FALSE
42,DeSantis,-0.3,2108,56.26386918127537,general,3,1.9,2024-09-09,FALSE
43,Trump,-0.3,704,55.300994222052395,general,3,1.9,2024-07-31,FALSE
44,DeSantis,-0.3,2325,57.492983979173005,general,3,1.9,2024-03-20,FALSE
45,Biden,-0.3,2142,51.80617347359657,general,3,1.9,2024-07-04,FALSE
46,Harris,-0.3,1406,47.7639730181545,general,3,1.9,2024-08-28,FALSE
47,DeSantis,-0.3,2537,55.297026238404214,general,3,1.9,2024-08-02,FALSE
48,Biden,-0.3,913,53.0199502967298,general,3,1.9,2024-03-26,FALSE
49,Harris,-0.3,2659,59.82007815036923,general,3,1.9,2024-08-19,FALSE
50,DeSantis,-0.3,766,46.500826119445264,general,3,1.9,2024-04-06,FALSE
51,Biden,-0.3,1822,40.60120984446257,general,3,1.9,2024-06-26,FALSE
52,DeSantis,-0.3,1796,47.414707406423986,general,3,1.9,2024-01-20,FALSE
53,Kennedy,-0.3,2763,56.71484688296914,general,3,1.9,2024-08-04,FALSE
54,Biden,-0.3,831,44.20623634941876,general,3,1.9,2024-03-18,FALSE
55,West,-0.3,1832,52.384015219286084,general,3,1.9,2024-08-24,FALSE
56,Kennedy,-0.3,1657,52.586904359050095,general,3,1.9,2024-03-17,FALSE
57,Harris,-0.3,1882,51.834495505318046,general,3,1.9,2024-08-29,FALSE
58,Harris,-0.3,1541,46.12685797736049,general,3,1.9,2024-02-12,FALSE
59,Kennedy,-0.3,2724,48.40426830109209,general,3,1.9,2024-01-15,FALSE
60,Kennedy,-0.3,1685,59.86970782279968,general,3,1.9,2024-08-30,FALSE
61,West,-0.3,2973,40.3361830720678,general,3,1.9,2024-07-16,FALSE
62,Oliver,-0.3,931,43.634113357402384,general,3,1.9,2024-05-09,FALSE
63,Biden,-0.3,727,56.022544763982296,general,3,1.9,2024-07-28,FALSE
64,Harris,-0.3,1249,41.766081703826785,general,3,1.9,2024-04-28,FALSE
65,Biden,-0.3,1020,54.41164727322757,general,3,1.9,2024-07-02,FALSE
66,Oliver,-0.3,2995,40.390301682055,general,3,1.9,2024-08-18,FALSE
67,Kennedy,-0.3,1019,56.136018806137145,general,3,1.9,2024-04-14,FALSE
68,Harris,-0.3,1082,55.12216140516102,general,3,1.9,2024-09-04,FALSE
69,DeSantis,-0.3,1861,58.64107499830425,general,3,1.9,2024-03-11,FALSE
70,DeSantis,-0.3,943,47.99818030092865,general,3,1.9,2024-06-08,FALSE
71,Trump,-0.3,2231,52.45570777915418,general,3,1.9,2024-04-25,FALSE
72,Stein,-0.3,2681,44.543782197870314,general,3,1.9,2024-10-05,FALSE
73,DeSantis,-0.3,2443,46.69314017985016,general,3,1.9,2024-07-04,FALSE
74,Kennedy,-0.3,1601,47.79687845148146,general,3,1.9,2024-04-15,FALSE
75,Biden,-0.3,2826,53.30435580108315,general,3,1.9,2024-05-12,FALSE
76,Harris,-0.3,1654,56.0593379708007,general,3,1.9,2024-10-16,FALSE
77,Harris,-0.3,2746,40.37988536991179,general,3,1.9,2024-03-27,FALSE
78,Oliver,-0.3,1495,45.115425386466086,general,3,1.9,2024-10-27,FALSE
79,Oliver,-0.3,2273,44.99557149130851,general,3,1.9,2024-03-25,FALSE
80,Stein,-0.3,1243,52.46672462206334,general,3,1.9,2024-10-13,FALSE
81,Stein,-0.3,849,51.2578005483374,general,3,1.9,2024-05-09,FALSE
82,West,-0.3,1004,47.56908294279128,general,3,1.9,2024-04-18,FALSE
83,Harris,-0.3,2778,59.11537586711347,general,3,1.9,2024-03-15,TRUE
84,Stein,-0.3,1967,56.473629800602794,general,3,1.9,2024-05-16,TRUE
85,Oliver,-0.3,2986,55.690195742063224,general,3,1.9,2024-07-18,FALSE
86,Oliver,-0.3,597,40.731925992295146,general,3,1.9,2024-02-16,FALSE
87,Trump,-0.3,1199,49.071116549894214,general,3,1.9,2024-03-10,TRUE
88,Stein,-0.3,1275,58.959722449071705,general,3,1.9,2024-03-27,FALSE
89,Kennedy,-0.3,2643,56.14335311111063,general,3,1.9,2024-10-13,FALSE
90,Biden,-0.3,2844,46.82036020793021,general,3,1.9,2024-08-15,FALSE
91,West,-0.3,1371,57.344387006014585,general,3,1.9,2024-02-22,FALSE
92,Stein,-0.3,2643,44.29764151573181,general,3,1.9,2024-06-25,FALSE
93,Trump,-0.3,2124,40.80952810123563,general,3,1.9,2024-10-03,FALSE
94,Kennedy,-0.3,1355,52.995737716555595,general,3,1.9,2024-11-01,FALSE
95,Kennedy,-0.3,1180,44.710347088985145,general,3,1.9,2024-03-23,TRUE
96,Stein,-0.3,1273,54.730332591570914,general,3,1.9,2024-04-30,TRUE
97,Harris,-0.3,777,54.97834613081068,general,3,1.9,2024-02-13,FALSE
98,Harris,-0.3,1560,42.33190409839153,general,3,1.9,2024-02-21,TRUE
99,Stein,-0.3,1220,45.67469667177647,general,3,1.9,2024-02-07,FALSE
100,Oliver,-0.3,511,49.64477811008692,general,3,1.9,2024-03-20,FALSE
101,Stein,-0.3,1999,54.779196763411164,general,3,1.9,2024-01-19,FALSE
102,Trump,-0.3,2243,48.47493581939489,general,3,1.9,2024-01-20,TRUE
103,DeSantis,-0.3,536,40.7417475618422,general,3,1.9,2024-07-23,FALSE
104,DeSantis,-0.3,1509,54.28667988162488,general,3,1.9,2024-01-04,TRUE
105,DeSantis,-0.3,2785,40.666032480075955,general,3,1.9,2024-02-09,FALSE
106,Harris,-0.3,2710,44.75860639009625,general,3,1.9,2024-02-13,TRUE
107,DeSantis,-0.3,1847,45.996116190217435,general,3,1.9,2024-01-23,FALSE
108,Oliver,-0.3,1067,51.80902295280248,general,3,1.9,2024-01-23,FALSE
109,Kennedy,-0.3,1694,41.310939844697714,general,3,1.9,2024-04-12,FALSE
110,Kennedy,-0.3,1497,41.39133105054498,general,3,1.9,2024-07-14,FALSE
111,Biden,-0.3,2721,42.019957951270044,general,3,1.9,2024-01-15,FALSE
112,Stein,-0.3,1780,42.99026802647859,general,3,1.9,2024-04-30,FALSE
113,DeSantis,-0.3,2223,52.892778222449124,general,3,1.9,2024-01-16,FALSE
114,Oliver,-0.3,742,45.08749601431191,general,3,1.9,2024-01-19,FALSE
115,Harris,-0.3,1905,55.17979044467211,general,3,1.9,2024-07-09,FALSE
116,Oliver,-0.3,2125,46.025673313997686,general,3,1.9,2024-06-07,TRUE
117,Stein,-0.3,1932,45.580928241834044,general,3,1.9,2024-03-23,FALSE
118,Stein,-0.3,2026,40.248175230808556,general,3,1.9,2024-08-09,FALSE
119,Harris,-0.3,1807,47.68353944644332,general,3,1.9,2024-03-06,FALSE
120,Harris,-0.3,1058,54.76349778473377,general,3,1.9,2024-07-15,FALSE
121,Kennedy,-0.3,1090,59.66489531099796,general,3,1.9,2024-05-10,FALSE
122,Kennedy,-0.3,1609,57.492654086090624,general,3,1.9,2024-07-03,FALSE
123,West,-0.3,730,40.93033282086253,general,3,1.9,2024-04-20,FALSE
124,Oliver,-0.3,2644,55.783108873292804,general,3,1.9,2024-07-10,FALSE
125,Stein,-0.3,1086,58.21547731757164,general,3,1.9,2024-09-26,TRUE
126,Biden,-0.3,1614,43.848146479576826,general,3,1.9,2024-02-08,FALSE
127,Kennedy,-0.3,2710,42.73091936483979,general,3,1.9,2024-06-19,FALSE
128,Kennedy,-0.3,1609,47.18951073475182,general,3,1.9,2024-10-24,FALSE
129,Oliver,-0.3,2214,51.313265529461205,general,3,1.9,2024-01-30,FALSE
130,Biden,-0.3,634,51.95641316007823,general,3,1.9,2024-09-20,FALSE
131,Biden,-0.3,2518,52.35205577686429,general,3,1.9,2024-01-30,FALSE
132,Oliver,-0.3,2056,52.67625659238547,general,3,1.9,2024-05-02,TRUE
133,Oliver,-0.3,1396,41.760433465242386,general,3,1.9,2024-08-11,FALSE
134,Harris,-0.3,1417,54.54115898814052,general,3,1.9,2024-10-07,FALSE
135,West,-0.3,2835,59.19667027890682,general,3,1.9,2024-06-09,FALSE
136,Harris,-0.3,1658,42.33009237796068,general,3,1.9,2024-03-03,FALSE
137,Harris,-0.3,1338,56.56477753072977,general,3,1.9,2024-05-18,FALSE
138,Stein,-0.3,2896,40.20026717800647,general,3,1.9,2024-09-18,FALSE
139,DeSantis,-0.3,2724,46.49649502243847,general,3,1.9,2024-03-31,TRUE
140,DeSantis,-0.3,2330,58.76987402327359,general,3,1.9,2024-04-30,FALSE
141,West,-0.3,911,48.52863291744143,general,3,1.9,2024-05-09,FALSE
142,Oliver,-0.3,1111,56.03127596434206,general,3,1.9,2024-07-12,TRUE
143,West,-0.3,1254,43.15379308536649,general,3,1.9,2024-09-04,FALSE
144,West,-0.3,2185,45.6308180000633,general,3,1.9,2024-04-18,FALSE
145,Kennedy,-0.3,1307,48.536337492987514,general,3,1.9,2024-07-22,FALSE
146,Biden,-0.3,2070,46.558278198353946,general,3,1.9,2024-09-27,FALSE
147,Oliver,-0.3,1665,47.65796836465597,general,3,1.9,2024-10-20,FALSE
148,Stein,-0.3,1174,57.91716291569173,general,3,1.9,2024-04-08,TRUE
149,Trump,-0.3,1177,43.41792620718479,general,3,1.9,2024-07-24,FALSE
150,DeSantis,-0.3,2447,47.72896564565599,general,3,1.9,2024-05-14,FALSE
151,Harris,-0.3,982,56.10547889955342,general,3,1.9,2024-01-03,FALSE
152,Kennedy,-0.3,2433,43.27459041029215,general,3,1.9,2024-02-22,FALSE
153,West,-0.3,690,58.040996310301125,general,3,1.9,2024-08-16,FALSE
154,Harris,-0.3,931,41.562522035092115,general,3,1.9,2024-09-02,FALSE
155,West,-0.3,2944,40.2153244195506,general,3,1.9,2024-05-03,FALSE
156,Trump,-0.3,2766,57.498359428718686,general,3,1.9,2024-08-12,FALSE
157,Trump,-0.3,1288,41.91531534772366,general,3,1.9,2024-08-29,TRUE
158,Biden,-0.3,2308,42.719574673101306,general,3,1.9,2024-06-06,FALSE
159,West,-0.3,1081,56.68957179877907,general,3,1.9,2024-02-05,FALSE
160,Oliver,-0.3,1547,42.83086125738919,general,3,1.9,2024-03-30,TRUE
161,Biden,-0.3,2585,59.819305986166,general,3,1.9,2024-10-08,FALSE
162,Kennedy,-0.3,1964,50.299747246317565,general,3,1.9,2024-10-13,FALSE
163,Harris,-0.3,1861,59.36652418226004,general,3,1.9,2024-02-05,FALSE
164,Oliver,-0.3,2274,59.51416735071689,general,3,1.9,2024-05-23,FALSE
165,Harris,-0.3,2263,53.26397043187171,general,3,1.9,2024-09-08,FALSE
166,Stein,-0.3,601,41.23171351850033,general,3,1.9,2024-01-22,FALSE
167,Biden,-0.3,1255,47.249702285043895,general,3,1.9,2024-08-22,FALSE
168,Harris,-0.3,1709,49.301316905766726,general,3,1.9,2024-02-28,FALSE
169,Harris,-0.3,608,57.605792339891195,general,3,1.9,2024-04-16,FALSE
170,Biden,-0.3,2877,53.91326838172972,general,3,1.9,2024-01-06,FALSE
171,Kennedy,-0.3,1789,47.88068998605013,general,3,1.9,2024-04-01,FALSE
172,Harris,-0.3,2503,58.2194752804935,general,3,1.9,2024-10-01,FALSE
173,Harris,-0.3,2274,54.65436389204115,general,3,1.9,2024-03-26,FALSE
174,DeSantis,-0.3,1575,45.76692200731486,general,3,1.9,2024-04-18,FALSE
175,West,-0.3,2170,54.16608958505094,general,3,1.9,2024-09-14,FALSE
176,Biden,-0.3,678,50.20775015465915,general,3,1.9,2024-04-12,FALSE
177,DeSantis,-0.3,1670,53.70477174408734,general,3,1.9,2024-05-02,FALSE
178,Stein,-0.3,2524,57.63471315149218,general,3,1.9,2024-06-04,FALSE
179,DeSantis,-0.3,1298,47.253221310675144,general,3,1.9,2024-01-10,FALSE
180,Oliver,-0.3,2635,54.02740525547415,general,3,1.9,2024-09-27,FALSE
181,DeSantis,-0.3,1654,54.85732330940664,general,3,1.9,2024-05-23,FALSE
182,West,-0.3,1277,52.54654857330024,general,3,1.9,2024-03-28,FALSE
183,DeSantis,-0.3,803,42.98193766735494,general,3,1.9,2024-04-10,FALSE
184,Kennedy,-0.3,2903,52.55126870702952,general,3,1.9,2024-08-22,FALSE
185,Harris,-0.3,923,57.99279595725238,general,3,1.9,2024-09-30,FALSE
186,Trump,-0.3,1074,55.47148022335023,general,3,1.9,2024-04-02,FALSE
187,West,-0.3,1530,50.27778616640717,general,3,1.9,2024-04-22,FALSE
188,Oliver,-0.3,1966,45.31611303333193,general,3,1.9,2024-02-24,FALSE
189,Stein,-0.3,2226,42.76742096990347,general,3,1.9,2024-07-18,TRUE
190,Biden,-0.3,2752,40.0417117215693,general,3,1.9,2024-06-16,FALSE
191,Stein,-0.3,2425,54.855976486578584,general,3,1.9,2024-06-05,FALSE
192,West,-0.3,900,54.491296419873834,general,3,1.9,2024-01-29,FALSE
193,Harris,-0.3,573,40.3099779272452,general,3,1.9,2024-03-10,FALSE
194,Biden,-0.3,2465,49.477820941247046,general,3,1.9,2024-06-21,FALSE
195,Harris,-0.3,1603,42.13124388363212,general,3,1.9,2024-04-13,FALSE
196,Trump,-0.3,851,42.22771847154945,general,3,1.9,2024-05-01,FALSE
197,DeSantis,-0.3,1868,44.190980130806565,general,3,1.9,2024-01-21,FALSE
198,Kennedy,-0.3,2278,48.125356091186404,general,3,1.9,2024-07-06,FALSE
199,Kennedy,-0.3,2612,41.838155034929514,general,3,1.9,2024-08-07,FALSE
200,Oliver,-0.3,1908,45.01730410847813,general,3,1.9,2024-04-15,FALSE
201,DeSantis,-0.3,2929,47.732081417925656,general,3,1.9,2024-07-02,FALSE
202,Oliver,-0.3,1289,46.43593901768327,general,3,1.9,2024-04-25,FALSE
203,Biden,-0.3,2633,57.61917558033019,general,3,1.9,2024-05-23,FALSE
204,Trump,-0.3,2630,51.60499927587807,general,3,1.9,2024-06-19,FALSE
205,Stein,-0.3,1678,53.68004749994725,general,3,1.9,2024-04-12,FALSE
206,Kennedy,-0.3,931,45.97644248511642,general,3,1.9,2024-07-12,FALSE
207,Harris,-0.3,1130,40.39586700964719,general,3,1.9,2024-06-21,FALSE
208,Trump,-0.3,2502,58.37194362655282,general,3,1.9,2024-07-19,FALSE
209,Harris,-0.3,1829,55.916420025750995,general,3,1.9,2024-03-12,FALSE
210,Kennedy,-0.3,1171,50.919746276922524,general,3,1.9,2024-08-09,FALSE
211,Kennedy,-0.3,1304,46.05098128784448,general,3,1.9,2024-08-06,FALSE
212,Trump,-0.3,2272,47.24794290494174,general,3,1.9,2024-07-24,FALSE
213,Biden,-0.3,1134,52.34718790277839,general,3,1.9,2024-02-19,FALSE
214,Stein,-0.3,2699,48.78310681320727,general,3,1.9,2024-02-29,FALSE
215,Stein,-0.3,1834,51.436235858127475,general,3,1.9,2024-05-08,FALSE
216,Biden,-0.3,906,46.16811297368258,general,3,1.9,2024-09-17,FALSE
217,DeSantis,-0.3,1152,59.476526733487844,general,3,1.9,2024-06-18,FALSE
218,DeSantis,-0.3,1738,50.09445794392377,general,3,1.9,2024-09-11,TRUE
219,Biden,-0.3,766,48.658673791214824,general,3,1.9,2024-05-04,FALSE
220,Biden,-0.3,1354,43.26300179120153,general,3,1.9,2024-07-22,FALSE
221,DeSantis,-0.3,2164,43.34833920933306,general,3,1.9,2024-08-28,FALSE
222,Oliver,-0.3,2888,49.56285421270877,general,3,1.9,2024-04-24,TRUE
223,Stein,-0.3,555,50.18161930143833,general,3,1.9,2024-02-09,FALSE
224,Biden,-0.3,2899,56.026286613196135,general,3,1.9,2024-03-27,TRUE
225,DeSantis,-0.3,1715,45.556628997437656,general,3,1.9,2024-05-27,FALSE
226,Biden,-0.3,2519,58.95229666493833,general,3,1.9,2024-06-07,FALSE
227,West,-0.3,1739,56.81029737461358,general,3,1.9,2024-02-07,FALSE
228,DeSantis,-0.3,2062,52.13798948097974,general,3,1.9,2024-04-07,FALSE
229,Harris,-0.3,2916,41.41124602407217,general,3,1.9,2024-08-08,FALSE
230,Biden,-0.3,2347,42.21112355124205,general,3,1.9,2024-10-09,FALSE
231,Harris,-0.3,1052,44.19396725483239,general,3,1.9,2024-06-22,FALSE
232,Stein,-0.3,638,49.957882347516716,general,3,1.9,2024-06-07,FALSE
233,Stein,-0.3,1199,56.5430500311777,general,3,1.9,2024-08-15,FALSE
234,Oliver,-0.3,1706,40.12762480415404,general,3,1.9,2024-01-09,FALSE
235,Stein,-0.3,1376,58.64674100186676,general,3,1.9,2024-02-22,FALSE
236,Stein,-0.3,2531,46.616434045135975,general,3,1.9,2024-03-11,FALSE
237,DeSantis,-0.3,1685,53.30049203708768,general,3,1.9,2024-09-29,FALSE
238,Kennedy,-0.3,1613,42.69849920645356,general,3,1.9,2024-06-16,FALSE
239,Stein,-0.3,2383,51.415811390616,general,3,1.9,2024-01-13,FALSE
240,Biden,-0.3,2189,41.90160032827407,general,3,1.9,2024-03-06,FALSE
241,Trump,-0.3,1645,51.37588018551469,general,3,1.9,2024-09-21,FALSE
242,Harris,-0.3,748,41.768549820408225,general,3,1.9,2024-01-28,FALSE
243,Trump,-0.3,1990,55.78313809353858,general,3,1.9,2024-03-19,FALSE
244,Kennedy,-0.3,1908,42.49977870378643,general,3,1.9,2024-02-28,FALSE
245,Trump,-0.3,856,48.07927450630814,general,3,1.9,2024-06-07,FALSE
246,Kennedy,-0.3,2179,57.45251964312047,general,3,1.9,2024-05-01,FALSE
247,Harris,-0.3,1329,48.8640105817467,general,3,1.9,2024-08-24,FALSE
248,Oliver,-0.3,616,57.557537904940546,general,3,1.9,2024-08-20,FALSE
249,Kennedy,-0.3,1058,57.34711938071996,general,3,1.9,2024-02-10,FALSE
250,Oliver,-0.3,2519,48.24818272609264,general,3,1.9,2024-05-16,FALSE
251,DeSantis,-0.3,1656,50.725013110786676,general,3,1.9,2024-02-21,FALSE
252,Stein,-0.3,2173,55.00100828707218,general,3,1.9,2024-04-12,FALSE
253,Stein,-0.3,1754,42.095776689238846,general,3,1.9,2024-03-23,FALSE
254,Trump,-0.3,2668,55.4165774397552,general,3,1.9,2024-04-22,FALSE
255,Trump,-0.3,2379,59.94582970626652,general,3,1.9,2024-06-05,FALSE
256,DeSantis,-0.3,2709,45.36304611247033,general,3,1.9,2024-02-23,TRUE
257,Oliver,-0.3,1683,47.56223347969353,general,3,1.9,2024-08-25,FALSE
258,Stein,-0.3,2292,57.11073280312121,general,3,1.9,2024-03-09,FALSE
259,DeSantis,-0.3,2877,50.49120128620416,general,3,1.9,2024-05-26,FALSE
260,Trump,-0.3,1017,53.7547915475443,general,3,1.9,2024-01-31,FALSE
261,Stein,-0.3,2810,58.58626775909215,general,3,1.9,2024-08-06,FALSE
262,Harris,-0.3,1619,54.96482193470001,general,3,1.9,2024-08-03,TRUE
263,West,-0.3,871,50.22042430471629,general,3,1.9,2024-03-27,FALSE
264,Oliver,-0.3,1112,57.79674503020942,general,3,1.9,2024-02-17,TRUE
265,West,-0.3,938,47.756641479209065,general,3,1.9,2024-10-12,FALSE
266,West,-0.3,653,59.68283186201006,general,3,1.9,2024-09-25,FALSE
267,Stein,-0.3,2405,58.78404763061553,general,3,1.9,2024-03-04,FALSE
268,West,-0.3,2691,48.69162033777684,general,3,1.9,2024-09-20,FALSE
269,Oliver,-0.3,2690,52.72065181750804,general,3,1.9,2024-08-17,FALSE
270,West,-0.3,1655,52.44428855367005,general,3,1.9,2024-06-19,TRUE
271,DeSantis,-0.3,1589,40.915203928016126,general,3,1.9,2024-02-19,FALSE
272,Trump,-0.3,1554,59.70240879803896,general,3,1.9,2024-08-30,FALSE
273,Kennedy,-0.3,568,50.90009143576026,general,3,1.9,2024-06-05,FALSE
274,Trump,-0.3,2602,56.12108373083174,general,3,1.9,2024-07-01,FALSE
275,Trump,-0.3,1812,50.89926205575466,general,3,1.9,2024-05-17,FALSE
276,West,-0.3,2157,55.38206004537642,general,3,1.9,2024-03-11,FALSE
277,Biden,-0.3,759,58.49109063856304,general,3,1.9,2024-01-06,FALSE
278,Stein,-0.3,2632,58.82192539051175,general,3,1.9,2024-10-14,FALSE
279,Harris,-0.3,958,50.87915990501642,general,3,1.9,2024-10-21,FALSE
280,Harris,-0.3,2718,55.10909211821854,general,3,1.9,2024-03-01,FALSE
281,West,-0.3,1795,54.326679427176714,general,3,1.9,2024-09-20,FALSE
282,Stein,-0.3,2517,55.99754202179611,general,3,1.9,2024-02-28,FALSE
283,Harris,-0.3,2016,51.491131340153515,general,3,1.9,2024-07-20,FALSE
284,Oliver,-0.3,2573,48.52365779224783,general,3,1.9,2024-10-15,FALSE
285,DeSantis,-0.3,2968,40.33113682176918,general,3,1.9,2024-02-28,TRUE
286,Harris,-0.3,1918,47.0739260641858,general,3,1.9,2024-08-15,FALSE
287,Stein,-0.3,1508,49.4018455222249,general,3,1.9,2024-09-03,FALSE
288,Kennedy,-0.3,2856,46.70356765855104,general,3,1.9,2024-01-18,FALSE
289,Harris,-0.3,2807,56.20214998256415,general,3,1.9,2024-08-10,FALSE
290,DeSantis,-0.3,1913,47.50188787467778,general,3,1.9,2024-10-26,FALSE
291,Trump,-0.3,1586,44.3785914266482,general,3,1.9,2024-10-25,FALSE
292,West,-0.3,1830,52.820212789811194,general,3,1.9,2024-06-27,FALSE
293,Harris,-0.3,1575,41.041810447350144,general,3,1.9,2024-02-05,FALSE
294,Stein,-0.3,1643,55.94781581312418,general,3,1.9,2024-07-16,FALSE
295,Stein,-0.3,1543,55.14611891005188,general,3,1.9,2024-09-22,FALSE
296,Biden,-0.3,2559,52.57255642209202,general,3,1.9,2024-10-07,FALSE
297,Stein,-0.3,2560,49.531829161569476,general,3,1.9,2024-03-28,FALSE
298,DeSantis,-0.3,1695,55.25151726324111,general,3,1.9,2024-07-22,FALSE
299,Trump,-0.3,1585,50.753519888967276,general,3,1.9,2024-06-10,FALSE
300,Trump,-0.3,2904,48.315271898172796,general,3,1.9,2024-09-19,FALSE
301,Oliver,-0.3,595,49.17157918680459,general,3,1.9,2024-02-03,FALSE
302,West,-0.3,1041,47.97330634202808,general,3,1.9,2024-03-21,FALSE
303,Harris,-0.3,2958,42.851732545532286,general,3,1.9,2024-09-17,FALSE
304,Trump,-0.3,2199,58.465292574837804,general,3,1.9,2024-10-19,FALSE
305,DeSantis,-0.3,1478,54.30145108141005,general,3,1.9,2024-05-01,FALSE
306,Harris,-0.3,2034,54.66074381954968,general,3,1.9,2024-07-19,FALSE
307,Biden,-0.3,1879,51.667728326283395,general,3,1.9,2024-04-15,FALSE
308,Biden,-0.3,1769,42.976456503383815,general,3,1.9,2024-01-06,FALSE
309,Trump,-0.3,1601,53.470689598470926,general,3,1.9,2024-09-16,FALSE
310,Stein,-0.3,1251,42.03573876526207,general,3,1.9,2024-06-02,FALSE
311,Kennedy,-0.3,1566,50.111339036375284,general,3,1.9,2024-09-17,FALSE
312,Trump,-0.3,2223,49.422575109638274,general,3,1.9,2024-06-06,FALSE
313,Harris,-0.3,2349,47.75587935466319,general,3,1.9,2024-09-25,FALSE
314,Biden,-0.3,2859,49.30494737345725,general,3,1.9,2024-09-21,FALSE
315,DeSantis,-0.3,1814,56.66903970763087,general,3,1.9,2024-07-24,FALSE
316,Harris,-0.3,2983,50.51379927434027,general,3,1.9,2024-04-09,FALSE
317,Kennedy,-0.3,1523,51.841647773981094,general,3,1.9,2024-02-17,FALSE
318,DeSantis,-0.3,1479,58.009685785509646,general,3,1.9,2024-04-08,FALSE
319,Biden,-0.3,2317,54.95654059574008,general,3,1.9,2024-01-09,FALSE
320,West,-0.3,2894,59.43563733249903,general,3,1.9,2024-03-15,FALSE
321,Kennedy,-0.3,2409,58.39294380042702,general,3,1.9,2024-01-07,TRUE
322,West,-0.3,2550,54.33061758521944,general,3,1.9,2024-01-13,FALSE
323,DeSantis,-0.3,1782,44.33642969466746,general,3,1.9,2024-05-05,FALSE
324,Stein,-0.3,1705,43.59497420955449,general,3,1.9,2024-10-15,FALSE
325,Harris,-0.3,2320,46.1514260340482,general,3,1.9,2024-05-15,FALSE
326,Kennedy,-0.3,868,48.695477596484125,general,3,1.9,2024-04-18,FALSE
327,Kennedy,-0.3,1514,42.629908388480544,general,3,1.9,2024-09-07,FALSE
328,West,-0.3,2151,48.73706544749439,general,3,1.9,2024-10-25,FALSE
329,Trump,-0.3,2469,48.56943903956562,general,3,1.9,2024-09-14,FALSE
330,Biden,-0.3,2006,42.233711648732424,general,3,1.9,2024-01-04,FALSE
331,West,-0.3,2982,51.91533069126308,general,3,1.9,2024-06-30,FALSE
332,Kennedy,-0.3,949,43.43221113085747,general,3,1.9,2024-08-06,FALSE
333,Stein,-0.3,2286,42.29107975028455,general,3,1.9,2024-04-23,FALSE
334,Oliver,-0.3,2121,40.73759747669101,general,3,1.9,2024-02-05,FALSE
335,Biden,-0.3,501,53.34557087626308,general,3,1.9,2024-07-31,FALSE
336,Kennedy,-0.3,1851,53.463063118979335,general,3,1.9,2024-08-18,FALSE
337,West,-0.3,2640,55.37042015232146,general,3,1.9,2024-01-19,FALSE
338,Stein,-0.3,660,40.28234620578587,general,3,1.9,2024-02-06,FALSE
339,Oliver,-0.3,622,47.68787779845297,general,3,1.9,2024-10-04,FALSE
340,Kennedy,-0.3,851,55.418938216753304,general,3,1.9,2024-10-13,FALSE
341,Harris,-0.3,2688,40.64921197015792,general,3,1.9,2024-07-28,FALSE
342,Biden,-0.3,1637,56.68193972669542,general,3,1.9,2024-09-12,FALSE
343,Trump,-0.3,2601,48.71814131271094,general,3,1.9,2024-09-18,FALSE
344,West,-0.3,1797,41.892145802266896,general,3,1.9,2024-07-10,FALSE
345,West,-0.3,979,55.655243336223066,general,3,1.9,2024-02-18,FALSE
346,West,-0.3,1818,40.370790706947446,general,3,1.9,2024-01-18,FALSE
347,Stein,-0.3,848,42.10415854584426,general,3,1.9,2024-05-29,FALSE
348,Oliver,-0.3,512,50.74496231041849,general,3,1.9,2024-05-12,TRUE
349,DeSantis,-0.3,729,48.27890589367598,general,3,1.9,2024-10-15,FALSE
350,Kennedy,-0.3,1760,52.38340948242694,general,3,1.9,2024-03-31,FALSE
351,DeSantis,-0.3,1230,50.53286503069103,general,3,1.9,2024-07-23,FALSE
352,West,-0.3,1430,51.248048287816346,general,3,1.9,2024-08-06,FALSE
353,West,-0.3,1403,42.131457389332354,general,3,1.9,2024-01-11,FALSE
354,West,-0.3,1866,42.473655878566206,general,3,1.9,2024-07-06,FALSE
355,Oliver,-0.3,2205,41.54552565421909,general,3,1.9,2024-04-20,FALSE
356,Biden,-0.3,1644,49.99492168426514,general,3,1.9,2024-09-01,FALSE
357,DeSantis,-0.3,1366,40.394199239090085,general,3,1.9,2024-07-11,FALSE
358,Biden,-0.3,1196,42.037036176770926,general,3,1.9,2024-10-30,FALSE
359,Oliver,-0.3,505,55.13317729346454,general,3,1.9,2024-07-11,FALSE
360,Trump,-0.3,1829,48.99230093229562,general,3,1.9,2024-09-29,FALSE
361,DeSantis,-0.3,2053,44.12156746722758,general,3,1.9,2024-03-29,FALSE
362,Kennedy,-0.3,1297,59.05992102343589,general,3,1.9,2024-08-14,FALSE
363,West,-0.3,1558,46.27159741241485,general,3,1.9,2024-02-18,FALSE
364,Kennedy,-0.3,2758,48.492283541709185,general,3,1.9,2024-02-24,FALSE
365,Stein,-0.3,1990,52.964274822734296,general,3,1.9,2024-09-02,FALSE
366,Biden,-0.3,2560,44.464027914218605,general,3,1.9,2024-01-10,FALSE
367,Stein,-0.3,1451,51.41736835706979,general,3,1.9,2024-05-27,FALSE
368,Biden,-0.3,1003,49.71209367271513,general,3,1.9,2024-08-31,FALSE
369,Stein,-0.3,2250,58.00012704450637,general,3,1.9,2024-02-12,FALSE
370,Trump,-0.3,2943,49.11039388272911,general,3,1.9,2024-05-16,FALSE
371,Stein,-0.3,735,56.60386431962252,general,3,1.9,2024-10-04,FALSE
372,Trump,-0.3,521,51.1426846543327,general,3,1.9,2024-08-13,FALSE
373,Stein,-0.3,652,44.043923299759626,general,3,1.9,2024-09-29,FALSE
374,Oliver,-0.3,1853,48.63525961060077,general,3,1.9,2024-07-27,FALSE
375,Harris,-0.3,2721,48.95255066920072,general,3,1.9,2024-05-28,FALSE
376,Biden,-0.3,632,42.48155684676021,general,3,1.9,2024-03-21,FALSE
377,DeSantis,-0.3,1171,52.0582639425993,general,3,1.9,2024-08-19,FALSE
378,Biden,-0.3,2255,48.762745996937156,general,3,1.9,2024-08-26,FALSE
379,Harris,-0.3,1150,43.896405403502285,general,3,1.9,2024-07-11,TRUE
380,Trump,-0.3,2584,49.29314668290317,general,3,1.9,2024-01-15,FALSE
381,Trump,-0.3,707,53.810294666327536,general,3,1.9,2024-07-25,FALSE
382,Biden,-0.3,2666,42.269292273558676,general,3,1.9,2024-08-09,FALSE
383,Stein,-0.3,728,51.66035949252546,general,3,1.9,2024-09-13,FALSE
384,Stein,-0.3,2079,57.659719311632216,general,3,1.9,2024-01-28,FALSE
385,Stein,-0.3,1415,53.618982434272766,general,3,1.9,2024-04-28,FALSE
386,Biden,-0.3,1664,42.771197063848376,general,3,1.9,2024-06-26,FALSE
387,Harris,-0.3,800,59.73377209622413,general,3,1.9,2024-08-29,FALSE
388,Harris,-0.3,1406,43.941650688648224,general,3,1.9,2024-08-24,FALSE
389,Trump,-0.3,1463,57.34606421086937,general,3,1.9,2024-10-11,FALSE
390,Biden,-0.3,2021,57.97099939547479,general,3,1.9,2024-07-16,FALSE
391,Harris,-0.3,816,41.83737825602293,general,3,1.9,2024-03-18,FALSE
392,West,-0.3,1075,46.466895416378975,general,3,1.9,2024-03-10,FALSE
393,Stein,-0.3,2119,53.55919505469501,general,3,1.9,2024-09-13,FALSE
394,Harris,-0.3,1539,48.131113750860095,general,3,1.9,2024-08-25,FALSE
395,DeSantis,-0.3,721,57.091881101951,general,3,1.9,2024-05-02,FALSE
396,DeSantis,-0.3,1938,55.507421609945595,general,3,1.9,2024-04-30,FALSE
397,West,-0.3,1256,58.73693948145956,general,3,1.9,2024-06-23,FALSE
398,DeSantis,-0.3,1675,52.60630714241415,general,3,1.9,2024-06-09,FALSE
399,Stein,-0.3,1157,41.749476781114936,general,3,1.9,2024-09-05,FALSE
400,Stein,-0.3,1021,49.041636791080236,general,3,1.9,2024-03-11,FALSE
401,Trump,-0.3,2835,49.91099894512445,general,3,1.9,2024-02-29,FALSE
402,Oliver,-0.3,2662,56.49225269909948,general,3,1.9,2024-07-10,FALSE
403,West,-0.3,1009,43.16618871409446,general,3,1.9,2024-04-07,FALSE
404,Stein,-0.3,2714,42.599229756742716,general,3,1.9,2024-03-09,FALSE
405,Oliver,-0.3,1026,41.365733365528286,general,3,1.9,2024-05-18,FALSE
406,Kennedy,-0.3,1063,42.877669357694685,general,3,1.9,2024-06-22,FALSE
407,Harris,-0.3,2253,49.21859173104167,general,3,1.9,2024-07-17,FALSE
408,Harris,-0.3,1199,52.032519709318876,general,3,1.9,2024-05-30,FALSE
409,West,-0.3,653,40.13664901256561,general,3,1.9,2024-08-05,FALSE
410,Oliver,-0.3,2695,43.127953354269266,general,3,1.9,2024-02-09,TRUE
411,DeSantis,-0.3,1309,46.61159764509648,general,3,1.9,2024-03-21,FALSE
412,Biden,-0.3,2668,45.08362757973373,general,3,1.9,2024-07-14,FALSE
413,Stein,-0.3,892,40.093014617450535,general,3,1.9,2024-04-25,TRUE
414,Harris,-0.3,2695,54.416206111200154,general,3,1.9,2024-03-10,FALSE
415,Harris,-0.3,1840,47.98376590479165,general,3,1.9,2024-05-01,FALSE
416,DeSantis,-0.3,1502,49.94685989804566,general,3,1.9,2024-09-26,FALSE
417,Kennedy,-0.3,1317,54.14989624172449,general,3,1.9,2024-05-11,FALSE
418,Biden,-0.3,912,52.804376487620175,general,3,1.9,2024-05-30,FALSE
419,Kennedy,-0.3,1529,42.51199541147798,general,3,1.9,2024-04-27,FALSE
420,Stein,-0.3,2696,45.55836117360741,general,3,1.9,2024-08-09,FALSE
421,West,-0.3,2462,46.22799332253635,general,3,1.9,2024-07-16,TRUE
422,Harris,-0.3,2741,47.4022101610899,general,3,1.9,2024-06-15,FALSE
423,Oliver,-0.3,1376,43.563263872638345,general,3,1.9,2024-05-14,FALSE
424,Kennedy,-0.3,1794,47.02835180796683,general,3,1.9,2024-05-01,FALSE
425,Kennedy,-0.3,618,48.268166738562286,general,3,1.9,2024-09-29,TRUE
426,Kennedy,-0.3,712,48.88860450126231,general,3,1.9,2024-02-23,FALSE
427,Trump,-0.3,2678,56.11007801257074,general,3,1.9,2024-09-14,FALSE
428,Stein,-0.3,1773,54.626570930704474,general,3,1.9,2024-01-29,FALSE
429,West,-0.3,1565,50.48254089895636,general,3,1.9,2024-10-31,FALSE
430,West,-0.3,2996,44.29893559310585,general,3,1.9,2024-09-04,FALSE
431,West,-0.3,2213,46.76737376488745,general,3,1.9,2024-09-19,FALSE
432,Biden,-0.3,754,47.44553539901972,general,3,1.9,2024-03-07,FALSE
433,Kennedy,-0.3,2545,51.15505675319582,general,3,1.9,2024-09-28,FALSE
434,Kennedy,-0.3,1876,43.391372952610254,general,3,1.9,2024-08-30,FALSE
435,Biden,-0.3,779,41.58387660514563,general,3,1.9,2024-08-12,FALSE
436,Kennedy,-0.3,2596,52.619625898078084,general,3,1.9,2024-10-17,FALSE
437,West,-0.3,1878,47.50602236017585,general,3,1.9,2024-01-19,FALSE
438,Oliver,-0.3,786,42.40094824694097,general,3,1.9,2024-03-24,FALSE
439,Kennedy,-0.3,1745,50.79906964674592,general,3,1.9,2024-03-02,FALSE
440,Oliver,-0.3,1376,59.429885228164494,general,3,1.9,2024-08-17,FALSE
441,DeSantis,-0.3,937,55.074336752295494,general,3,1.9,2024-08-09,FALSE
442,Trump,-0.3,689,59.52704491093755,general,3,1.9,2024-05-05,FALSE
443,West,-0.3,2491,47.01380431186408,general,3,1.9,2024-04-21,FALSE
444,West,-0.3,988,45.61318865977228,general,3,1.9,2024-10-04,FALSE
445,Trump,-0.3,2822,53.557121329940856,general,3,1.9,2024-10-15,TRUE
446,DeSantis,-0.3,1659,44.901905744336545,general,3,1.9,2024-05-28,FALSE
447,Oliver,-0.3,2146,55.29670416843146,general,3,1.9,2024-02-22,FALSE
448,Trump,-0.3,1514,53.932967809960246,general,3,1.9,2024-08-30,FALSE
449,Kennedy,-0.3,677,40.03817564342171,general,3,1.9,2024-08-16,FALSE
450,Harris,-0.3,882,43.43721689656377,general,3,1.9,2024-11-01,FALSE
451,Harris,-0.3,2370,41.679875324480236,general,3,1.9,2024-01-04,FALSE
452,Biden,-0.3,1788,59.35819637030363,general,3,1.9,2024-03-24,FALSE
453,West,-0.3,2190,42.53439472988248,general,3,1.9,2024-10-02,TRUE
454,West,-0.3,2252,57.944857883267105,general,3,1.9,2024-01-05,FALSE
455,West,-0.3,1780,41.40934178605676,general,3,1.9,2024-04-29,FALSE
456,Oliver,-0.3,2302,50.923113180324435,general,3,1.9,2024-10-14,FALSE
457,West,-0.3,1817,48.14843857195228,general,3,1.9,2024-08-27,FALSE
458,DeSantis,-0.3,1937,49.55797193106264,general,3,1.9,2024-08-27,FALSE
459,Harris,-0.3,525,43.22948874440044,general,3,1.9,2024-01-08,FALSE
460,Stein,-0.3,2999,42.75548370555043,general,3,1.9,2024-03-02,FALSE
461,Trump,-0.3,1694,52.567392527125776,general,3,1.9,2024-10-12,FALSE
462,Oliver,-0.3,1620,47.57184511050582,general,3,1.9,2024-08-30,FALSE
463,Oliver,-0.3,1328,51.810865374282,general,3,1.9,2024-06-14,FALSE
464,Kennedy,-0.3,1776,48.46578025724739,general,3,1.9,2024-06-03,FALSE
465,Kennedy,-0.3,2234,57.59542552754283,general,3,1.9,2024-01-23,FALSE
466,West,-0.3,1506,58.6183183407411,general,3,1.9,2024-02-22,FALSE
467,Oliver,-0.3,1390,47.5225367071107,general,3,1.9,2024-08-16,FALSE
468,West,-0.3,874,55.19244477618486,general,3,1.9,2024-06-26,FALSE
469,Trump,-0.3,2722,54.068047613836825,general,3,1.9,2024-07-09,FALSE
470,Harris,-0.3,2908,48.123779920861125,general,3,1.9,2024-07-30,FALSE
471,Kennedy,-0.3,591,44.95925712399185,general,3,1.9,2024-02-12,FALSE
472,Biden,-0.3,842,59.01130711194128,general,3,1.9,2024-06-27,FALSE
473,Kennedy,-0.3,2081,55.81594890449196,general,3,1.9,2024-03-11,FALSE
474,Trump,-0.3,1782,58.856337876059115,general,3,1.9,2024-09-25,TRUE
475,West,-0.3,947,42.834562356583774,general,3,1.9,2024-05-05,FALSE
476,Trump,-0.3,959,44.09498988185078,general,3,1.9,2024-04-02,FALSE
477,Trump,-0.3,700,53.62014903686941,general,3,1.9,2024-10-03,FALSE
478,Oliver,-0.3,2487,40.93716321978718,general,3,1.9,2024-02-26,FALSE
479,West,-0.3,2585,51.408066409640014,general,3,1.9,2024-03-31,FALSE
480,Kennedy,-0.3,2661,52.74595194030553,general,3,1.9,2024-04-05,FALSE
481,Harris,-0.3,2878,51.9341031787917,general,3,1.9,2024-01-20,FALSE
482,Trump,-0.3,1814,48.892828868702054,general,3,1.9,2024-04-12,FALSE
483,Biden,-0.3,918,52.56878958083689,general,3,1.9,2024-04-24,FALSE
484,DeSantis,-0.3,2732,52.74665869772434,general,3,1.9,2024-07-18,FALSE
485,Kennedy,-0.3,2502,56.08860620763153,general,3,1.9,2024-03-06,FALSE
486,Harris,-0.3,2020,40.04409265704453,general,3,1.9,2024-02-26,FALSE
487,Oliver,-0.3,2098,56.98800852056593,general,3,1.9,2024-01-25,TRUE
488,Kennedy,-0.3,1541,45.82133643794805,general,3,1.9,2024-05-08,FALSE
489,Biden,-0.3,673,48.59624184668064,general,3,1.9,2024-09-27,FALSE
490,Harris,-0.3,2625,42.89600670337677,general,3,1.9,2024-01-12,FALSE
491,West,-0.3,668,45.594818773679435,general,3,1.9,2024-10-20,FALSE
492,Kennedy,-0.3,1969,58.77998653333634,general,3,1.9,2024-03-18,FALSE
493,DeSantis,-0.3,831,56.97003473993391,general,3,1.9,2024-09-07,FALSE
494,Biden,-0.3,2071,44.93881646543741,general,3,1.9,2024-07-13,FALSE
495,Kennedy,-0.3,2686,49.03856526128948,general,3,1.9,2024-07-09,FALSE
496,DeSantis,-0.3,2178,42.25942153483629,general,3,1.9,2024-07-16,TRUE
497,DeSantis,-0.3,2713,41.351256244815886,general,3,1.9,2024-07-31,TRUE
498,Stein,-0.3,743,45.89602575171739,general,3,1.9,2024-01-11,TRUE
499,Trump,-0.3,563,45.65545279532671,general,3,1.9,2024-02-26,FALSE
500,Stein,-0.3,732,58.53405147790909,general,3,1.9,2024-08-21,FALSE
501,Biden,-0.3,890,57.33849821612239,general,3,1.9,2024-01-06,FALSE
502,Harris,-0.3,1779,43.5338714113459,general,3,1.9,2024-04-22,FALSE
503,Harris,-0.3,1428,43.22892356198281,general,3,1.9,2024-08-18,FALSE
504,Trump,-0.3,1980,53.89169321395457,general,3,1.9,2024-04-09,FALSE
505,Oliver,-0.3,1080,49.683615090325475,general,3,1.9,2024-02-04,TRUE
506,Harris,-0.3,2633,46.94500451441854,general,3,1.9,2024-05-27,TRUE
507,DeSantis,-0.3,1028,53.902230337262154,general,3,1.9,2024-07-25,FALSE
508,Trump,-0.3,681,48.186181080527604,general,3,1.9,2024-06-06,FALSE
509,Kennedy,-0.3,2821,40.03204374574125,general,3,1.9,2024-04-21,FALSE
510,Trump,-0.3,2961,40.23215336725116,general,3,1.9,2024-09-15,FALSE
511,Biden,-0.3,2221,53.590217218734324,general,3,1.9,2024-02-09,FALSE
512,Stein,-0.3,2454,51.57901783939451,general,3,1.9,2024-08-24,FALSE
513,Oliver,-0.3,2706,40.669088661670685,general,3,1.9,2024-04-29,FALSE
514,Kennedy,-0.3,2980,51.34041818790138,general,3,1.9,2024-09-01,FALSE
515,West,-0.3,2258,42.95817382168025,general,3,1.9,2024-07-11,TRUE
516,Stein,-0.3,2523,59.52782670035958,general,3,1.9,2024-05-02,FALSE
517,DeSantis,-0.3,858,48.357761702500284,general,3,1.9,2024-09-29,FALSE
518,Stein,-0.3,1454,56.8970910506323,general,3,1.9,2024-01-20,FALSE
519,Trump,-0.3,1337,58.111682841554284,general,3,1.9,2024-04-25,FALSE
520,West,-0.3,852,56.57067097257823,general,3,1.9,2024-04-29,FALSE
521,Kennedy,-0.3,1470,51.253092172555625,general,3,1.9,2024-02-28,FALSE
522,Biden,-0.3,2668,58.45368610229343,general,3,1.9,2024-04-16,FALSE
523,Trump,-0.3,1035,54.766660779714584,general,3,1.9,2024-06-08,FALSE
524,Stein,-0.3,2805,52.1085987938568,general,3,1.9,2024-03-20,FALSE
525,Trump,-0.3,2629,41.1926030414179,general,3,1.9,2024-04-05,FALSE
526,Harris,-0.3,1845,42.17100956942886,general,3,1.9,2024-07-12,FALSE
527,DeSantis,-0.3,1916,55.01242199912667,general,3,1.9,2024-04-23,FALSE
528,Harris,-0.3,1018,45.38659896701574,general,3,1.9,2024-06-24,FALSE
529,Harris,-0.3,988,56.16913665086031,general,3,1.9,2024-02-29,FALSE
530,Biden,-0.3,1848,42.57384968455881,general,3,1.9,2024-04-25,FALSE
531,Harris,-0.3,1452,56.06024763546884,general,3,1.9,2024-10-11,FALSE
532,Kennedy,-0.3,2814,43.90021621249616,general,3,1.9,2024-02-15,FALSE
533,Stein,-0.3,1734,43.73039435595274,general,3,1.9,2024-07-10,FALSE
534,West,-0.3,2591,53.86219361796975,general,3,1.9,2024-03-09,FALSE
535,Harris,-0.3,2435,45.671452935785055,general,3,1.9,2024-06-07,FALSE
536,Harris,-0.3,1148,53.51409737020731,general,3,1.9,2024-07-30,FALSE
537,Harris,-0.3,706,59.142096494324505,general,3,1.9,2024-06-21,FALSE
538,Biden,-0.3,2176,53.96958237979561,general,3,1.9,2024-03-30,FALSE
539,DeSantis,-0.3,1438,46.34825909975916,general,3,1.9,2024-08-13,FALSE
540,Biden,-0.3,2469,51.12162811681628,general,3,1.9,2024-05-29,FALSE
541,Kennedy,-0.3,1353,43.0161803541705,general,3,1.9,2024-05-08,FALSE
542,Harris,-0.3,709,51.0939264157787,general,3,1.9,2024-08-16,FALSE
543,Trump,-0.3,2401,42.687191693112254,general,3,1.9,2024-06-12,FALSE
544,West,-0.3,1289,50.433234577067196,general,3,1.9,2024-08-10,FALSE
545,Oliver,-0.3,2757,51.1624680319801,general,3,1.9,2024-08-06,FALSE
546,Harris,-0.3,2582,44.304604097269475,general,3,1.9,2024-01-25,FALSE
547,Kennedy,-0.3,2761,46.25720053911209,general,3,1.9,2024-05-07,FALSE
548,Biden,-0.3,1572,54.34395060874522,general,3,1.9,2024-10-12,FALSE
549,Biden,-0.3,1254,57.412199904210865,general,3,1.9,2024-04-29,FALSE
550,Kennedy,-0.3,2740,44.41584121435881,general,3,1.9,2024-05-04,FALSE
551,Trump,-0.3,661,48.37839866988361,general,3,1.9,2024-09-15,FALSE
552,Harris,-0.3,2952,42.88265348877758,general,3,1.9,2024-05-01,FALSE
553,West,-0.3,1147,46.09893703367561,general,3,1.9,2024-03-31,FALSE
554,DeSantis,-0.3,1606,50.89039152953774,general,3,1.9,2024-04-25,FALSE
555,DeSantis,-0.3,2079,53.96686208900064,general,3,1.9,2024-02-16,FALSE
556,Harris,-0.3,1000,52.38518155179918,general,3,1.9,2024-06-07,FALSE
557,Kennedy,-0.3,1502,41.769393403083086,general,3,1.9,2024-04-04,TRUE
558,West,-0.3,802,46.454389691352844,general,3,1.9,2024-06-22,FALSE
559,Stein,-0.3,2666,51.94148562382907,general,3,1.9,2024-03-26,FALSE
560,West,-0.3,1970,59.036521897651255,general,3,1.9,2024-10-03,FALSE
561,Biden,-0.3,2807,59.25909258425236,general,3,1.9,2024-11-01,FALSE
562,Kennedy,-0.3,1981,41.15044984035194,general,3,1.9,2024-08-02,FALSE
563,Stein,-0.3,2154,57.25221958011389,general,3,1.9,2024-03-01,FALSE
564,Biden,-0.3,1158,56.81128095835447,general,3,1.9,2024-01-23,FALSE
565,Biden,-0.3,1427,44.60706152021885,general,3,1.9,2024-07-25,FALSE
566,Stein,-0.3,2920,51.99056544341147,general,3,1.9,2024-03-19,FALSE
567,Biden,-0.3,1923,45.058175921440125,general,3,1.9,2024-01-15,FALSE
568,DeSantis,-0.3,890,43.560929340310395,general,3,1.9,2024-03-21,FALSE
569,Oliver,-0.3,1279,46.74432131461799,general,3,1.9,2024-02-28,FALSE
570,Biden,-0.3,1919,41.2019867869094,general,3,1.9,2024-06-25,FALSE
571,Stein,-0.3,671,50.66024124622345,general,3,1.9,2024-01-20,FALSE
572,Kennedy,-0.3,1812,53.851751098409295,general,3,1.9,2024-08-05,FALSE
573,Harris,-0.3,851,43.1580769456923,general,3,1.9,2024-06-11,FALSE
574,DeSantis,-0.3,1611,58.22647956199944,general,3,1.9,2024-03-12,FALSE
575,Trump,-0.3,2565,41.41638876404613,general,3,1.9,2024-05-13,FALSE
576,Kennedy,-0.3,712,56.340468800626695,general,3,1.9,2024-01-17,FALSE
577,West,-0.3,1839,51.617815219797194,general,3,1.9,2024-08-09,TRUE
578,Trump,-0.3,2345,42.217221087776124,general,3,1.9,2024-06-12,FALSE
579,Harris,-0.3,2772,49.59166387561709,general,3,1.9,2024-02-17,FALSE
580,Oliver,-0.3,1474,43.760019429028034,general,3,1.9,2024-06-29,FALSE
581,Trump,-0.3,1453,59.47454755194485,general,3,1.9,2024-05-03,FALSE
582,Biden,-0.3,2816,43.450247277505696,general,3,1.9,2024-05-24,FALSE
583,Oliver,-0.3,1228,44.02206629049033,general,3,1.9,2024-08-08,FALSE
584,Kennedy,-0.3,2487,51.400281111709774,general,3,1.9,2024-06-11,TRUE
585,Biden,-0.3,653,56.455615079030395,general,3,1.9,2024-08-06,FALSE
586,Kennedy,-0.3,2538,58.141239932738245,general,3,1.9,2024-10-04,FALSE
587,Biden,-0.3,1283,54.60541744250804,general,3,1.9,2024-10-17,FALSE
588,Stein,-0.3,2960,56.50794414803386,general,3,1.9,2024-01-24,FALSE
589,Trump,-0.3,1529,54.00180917233229,general,3,1.9,2024-06-06,FALSE
590,West,-0.3,975,48.031665799207985,general,3,1.9,2024-04-06,FALSE
591,Harris,-0.3,808,52.11979642044753,general,3,1.9,2024-01-01,FALSE
592,Oliver,-0.3,1771,52.57216323632747,general,3,1.9,2024-05-03,FALSE
593,Biden,-0.3,2826,55.11529239360243,general,3,1.9,2024-05-29,TRUE
594,Stein,-0.3,1599,52.96508733648807,general,3,1.9,2024-08-05,FALSE
595,West,-0.3,1189,57.81910793855786,general,3,1.9,2024-04-16,FALSE
596,Stein,-0.3,2847,46.65128977037966,general,3,1.9,2024-05-21,FALSE
597,Trump,-0.3,738,46.57354886177927,general,3,1.9,2024-09-17,FALSE
598,Oliver,-0.3,1575,46.43256790935993,general,3,1.9,2024-09-14,FALSE
599,DeSantis,-0.3,1542,46.293915985152125,general,3,1.9,2024-05-10,FALSE
600,Biden,-0.3,1602,48.54598912876099,general,3,1.9,2024-03-20,FALSE
601,Harris,-0.3,1950,43.008310217410326,general,3,1.9,2024-06-21,FALSE
602,Kennedy,-0.3,2545,54.16588110849261,general,3,1.9,2024-02-03,FALSE
603,Oliver,-0.3,882,49.67509409878403,general,3,1.9,2024-07-31,FALSE
604,Harris,-0.3,1833,41.49623912293464,general,3,1.9,2024-07-10,FALSE
605,DeSantis,-0.3,1382,44.852302451618016,general,3,1.9,2024-02-23,FALSE
606,West,-0.3,1881,59.34007784817368,general,3,1.9,2024-07-27,FALSE
607,Trump,-0.3,1177,55.1497980998829,general,3,1.9,2024-06-14,FALSE
608,Stein,-0.3,2662,56.682653785683215,general,3,1.9,2024-08-14,FALSE
609,Trump,-0.3,791,57.27241728454828,general,3,1.9,2024-07-15,TRUE
610,Trump,-0.3,587,40.9904765849933,general,3,1.9,2024-02-03,FALSE
611,Oliver,-0.3,2980,45.10764479637146,general,3,1.9,2024-04-25,FALSE
612,West,-0.3,2714,52.79529615305364,general,3,1.9,2024-06-01,FALSE
613,Trump,-0.3,1696,54.7947983071208,general,3,1.9,2024-10-24,FALSE
614,Kennedy,-0.3,1986,40.684576840139925,general,3,1.9,2024-09-26,TRUE
615,Kennedy,-0.3,2949,48.24831312522292,general,3,1.9,2024-01-18,FALSE
616,Oliver,-0.3,1270,40.35125792957842,general,3,1.9,2024-08-16,TRUE
617,Biden,-0.3,2629,52.872415841557086,general,3,1.9,2024-08-28,FALSE
618,Biden,-0.3,2734,52.68242809455842,general,3,1.9,2024-06-20,FALSE
619,West,-0.3,2191,54.092121035791934,general,3,1.9,2024-10-17,FALSE
620,Trump,-0.3,1620,55.29217255767435,general,3,1.9,2024-01-13,FALSE
621,Kennedy,-0.3,2054,53.22521261870861,general,3,1.9,2024-03-29,FALSE
622,Stein,-0.3,1155,50.73649066966027,general,3,1.9,2024-05-23,FALSE
623,Harris,-0.3,1212,56.307147215120494,general,3,1.9,2024-05-12,FALSE
624,Biden,-0.3,1449,59.49429259169847,general,3,1.9,2024-02-06,TRUE
625,Harris,-0.3,2491,57.9366611270234,general,3,1.9,2024-08-25,FALSE
626,Stein,-0.3,2438,50.41297622025013,general,3,1.9,2024-10-13,TRUE
627,Kennedy,-0.3,1967,59.70107384957373,general,3,1.9,2024-08-08,FALSE
628,West,-0.3,833,55.781126520596445,general,3,1.9,2024-01-18,FALSE
629,Harris,-0.3,645,59.08827593550086,general,3,1.9,2024-10-03,FALSE
630,Oliver,-0.3,1661,59.977577864192426,general,3,1.9,2024-03-20,TRUE
631,Harris,-0.3,2827,46.358761340379715,general,3,1.9,2024-06-15,FALSE
632,Kennedy,-0.3,1868,56.960368417203426,general,3,1.9,2024-05-17,FALSE
633,Harris,-0.3,1969,45.6842108303681,general,3,1.9,2024-01-14,TRUE
634,Harris,-0.3,1774,41.0094195837155,general,3,1.9,2024-09-07,FALSE
635,Kennedy,-0.3,1762,43.11118183657527,general,3,1.9,2024-03-17,FALSE
636,Harris,-0.3,1084,46.902918461710215,general,3,1.9,2024-02-08,TRUE
637,Kennedy,-0.3,2534,54.68105700798333,general,3,1.9,2024-10-26,FALSE
638,Kennedy,-0.3,2869,46.99034478981048,general,3,1.9,2024-04-13,FALSE
639,Harris,-0.3,2871,59.69054628163576,general,3,1.9,2024-02-18,FALSE
640,Stein,-0.3,1134,41.20304591022432,general,3,1.9,2024-01-03,FALSE
641,Stein,-0.3,567,48.602778227068484,general,3,1.9,2024-07-06,FALSE
642,DeSantis,-0.3,1901,53.96013604942709,general,3,1.9,2024-02-22,FALSE
643,DeSantis,-0.3,945,58.25619326904416,general,3,1.9,2024-06-13,FALSE
644,Biden,-0.3,2043,48.391264979727566,general,3,1.9,2024-02-21,FALSE
645,DeSantis,-0.3,2538,42.11682284716517,general,3,1.9,2024-05-17,FALSE
646,Kennedy,-0.3,758,47.435231008566916,general,3,1.9,2024-08-20,FALSE
647,Oliver,-0.3,1276,50.370815517380834,general,3,1.9,2024-07-11,FALSE
648,Oliver,-0.3,2663,52.627000459469855,general,3,1.9,2024-03-09,FALSE
649,Kennedy,-0.3,2927,40.54599812719971,general,3,1.9,2024-09-09,FALSE
650,DeSantis,-0.3,572,48.5319022461772,general,3,1.9,2024-06-24,FALSE
651,Kennedy,-0.3,2455,52.83977656625211,general,3,1.9,2024-03-31,FALSE
652,West,-0.3,2611,49.02179530356079,general,3,1.9,2024-01-03,FALSE
653,Stein,-0.3,2297,45.85652047302574,general,3,1.9,2024-02-15,FALSE
654,Kennedy,-0.3,772,56.744976532645524,general,3,1.9,2024-08-07,FALSE
655,Kennedy,-0.3,1708,49.14476914796978,general,3,1.9,2024-06-03,FALSE
656,DeSantis,-0.3,1288,42.81258523464203,general,3,1.9,2024-08-18,FALSE
657,West,-0.3,730,40.93645356129855,general,3,1.9,2024-01-18,FALSE
658,Trump,-0.3,2201,43.15714890602976,general,3,1.9,2024-08-03,FALSE
659,Trump,-0.3,1013,58.08897643815726,general,3,1.9,2024-03-08,FALSE
660,DeSantis,-0.3,2591,50.554184494540095,general,3,1.9,2024-05-19,FALSE
661,DeSantis,-0.3,2557,56.490817717276514,general,3,1.9,2024-05-22,FALSE
662,Oliver,-0.3,2534,42.11958406958729,general,3,1.9,2024-09-18,FALSE
663,DeSantis,-0.3,1405,58.98125702049583,general,3,1.9,2024-03-25,FALSE
664,Kennedy,-0.3,2772,43.98726925253868,general,3,1.9,2024-10-22,FALSE
665,Oliver,-0.3,974,41.59856472630054,general,3,1.9,2024-07-13,FALSE
666,Trump,-0.3,1467,58.91610343474895,general,3,1.9,2024-06-01,FALSE
667,West,-0.3,2903,53.05272161960602,general,3,1.9,2024-04-04,FALSE
668,Oliver,-0.3,2282,47.426781291142106,general,3,1.9,2024-07-30,FALSE
669,Oliver,-0.3,1631,54.271428254432976,general,3,1.9,2024-09-09,FALSE
670,Harris,-0.3,2827,52.12831071112305,general,3,1.9,2024-02-25,FALSE
671,Trump,-0.3,2618,40.32275729812682,general,3,1.9,2024-06-09,TRUE
672,Kennedy,-0.3,1151,44.5222950167954,general,3,1.9,2024-04-13,FALSE
673,Trump,-0.3,2524,51.282797870226204,general,3,1.9,2024-08-24,FALSE
674,Oliver,-0.3,797,48.3901351923123,general,3,1.9,2024-09-25,TRUE
675,Kennedy,-0.3,2452,43.49369090050459,general,3,1.9,2024-07-05,FALSE
676,Kennedy,-0.3,2717,58.53165989276022,general,3,1.9,2024-04-29,FALSE
677,Harris,-0.3,1239,58.857046933844686,general,3,1.9,2024-10-09,FALSE
678,Harris,-0.3,631,57.593111423775554,general,3,1.9,2024-04-30,FALSE
679,West,-0.3,2659,57.97049952670932,general,3,1.9,2024-04-12,FALSE
680,Oliver,-0.3,1891,41.359073971398175,general,3,1.9,2024-09-23,TRUE
681,Stein,-0.3,1189,57.212868430651724,general,3,1.9,2024-03-28,FALSE
682,Stein,-0.3,2738,57.199334129691124,general,3,1.9,2024-07-30,FALSE
683,DeSantis,-0.3,1798,40.569057553075254,general,3,1.9,2024-08-29,FALSE
684,Oliver,-0.3,624,44.97397115454078,general,3,1.9,2024-06-04,FALSE
685,Kennedy,-0.3,931,43.60919436439872,general,3,1.9,2024-04-23,FALSE
686,Harris,-0.3,575,41.15651794709265,general,3,1.9,2024-01-19,FALSE
687,Kennedy,-0.3,2244,48.83335120975971,general,3,1.9,2024-02-08,FALSE
688,DeSantis,-0.3,2818,47.83610035665333,general,3,1.9,2024-05-14,FALSE
689,Biden,-0.3,2046,53.271081685088575,general,3,1.9,2024-06-17,FALSE
690,Harris,-0.3,2655,55.47071245498955,general,3,1.9,2024-09-11,FALSE
691,Oliver,-0.3,621,53.46204995177686,general,3,1.9,2024-01-19,FALSE
692,DeSantis,-0.3,2259,55.76507907360792,general,3,1.9,2024-04-08,FALSE
693,Stein,-0.3,2944,42.452921103686094,general,3,1.9,2024-02-19,FALSE
694,Biden,-0.3,2850,44.67103757895529,general,3,1.9,2024-06-18,FALSE
695,Oliver,-0.3,1498,46.81183080654591,general,3,1.9,2024-01-19,TRUE
696,Trump,-0.3,2989,51.8098657252267,general,3,1.9,2024-01-20,FALSE
697,West,-0.3,1274,49.93961017113179,general,3,1.9,2024-01-15,TRUE
698,Oliver,-0.3,586,50.488108028657734,general,3,1.9,2024-03-07,FALSE
699,West,-0.3,916,47.560475282371044,general,3,1.9,2024-03-18,FALSE
700,West,-0.3,1077,54.22015451826155,general,3,1.9,2024-08-27,FALSE
701,Oliver,-0.3,2029,49.61273698601872,general,3,1.9,2024-04-25,TRUE
702,DeSantis,-0.3,2775,51.33730300236493,general,3,1.9,2024-08-19,FALSE
703,Stein,-0.3,1043,59.987952266819775,general,3,1.9,2024-04-27,FALSE
704,Stein,-0.3,2697,57.952525885775685,general,3,1.9,2024-05-04,FALSE
705,Harris,-0.3,2249,57.31695950496942,general,3,1.9,2024-01-26,FALSE
706,Stein,-0.3,1326,59.55944513436407,general,3,1.9,2024-08-09,TRUE
707,Oliver,-0.3,932,52.36984620336443,general,3,1.9,2024-05-30,FALSE
708,Biden,-0.3,1536,41.51140265632421,general,3,1.9,2024-04-26,FALSE
709,Biden,-0.3,1755,58.82785875350237,general,3,1.9,2024-02-13,FALSE
710,West,-0.3,1097,40.73635458946228,general,3,1.9,2024-08-24,FALSE
711,DeSantis,-0.3,2064,41.02979625109583,general,3,1.9,2024-03-18,FALSE
712,West,-0.3,2544,43.43013018835336,general,3,1.9,2024-07-28,FALSE
713,Oliver,-0.3,2471,50.31930265482515,general,3,1.9,2024-04-10,FALSE
714,Biden,-0.3,2117,59.636829225346446,general,3,1.9,2024-03-06,FALSE
715,Oliver,-0.3,749,50.66897998098284,general,3,1.9,2024-09-05,FALSE
716,DeSantis,-0.3,1573,51.04739629197866,general,3,1.9,2024-10-24,FALSE
717,Oliver,-0.3,827,42.88911521434784,general,3,1.9,2024-06-16,FALSE
718,Biden,-0.3,2033,59.19755926821381,general,3,1.9,2024-09-10,FALSE
719,Kennedy,-0.3,981,49.51870318502188,general,3,1.9,2024-08-16,FALSE
720,West,-0.3,2668,42.2469455935061,general,3,1.9,2024-01-08,FALSE
721,Stein,-0.3,1002,42.51942187547684,general,3,1.9,2024-07-21,FALSE
722,West,-0.3,2403,58.56446297839284,general,3,1.9,2024-08-03,FALSE
723,Trump,-0.3,2736,57.92925986927003,general,3,1.9,2024-10-07,FALSE
724,DeSantis,-0.3,1805,53.27195437159389,general,3,1.9,2024-10-19,FALSE
725,Harris,-0.3,2007,43.64879655186087,general,3,1.9,2024-06-10,FALSE
726,Trump,-0.3,1105,45.712441662326455,general,3,1.9,2024-10-31,FALSE
727,Biden,-0.3,1336,58.35487091448158,general,3,1.9,2024-09-10,FALSE
728,DeSantis,-0.3,1772,51.356786214746535,general,3,1.9,2024-05-27,FALSE
729,Biden,-0.3,2397,54.10271573346108,general,3,1.9,2024-03-11,FALSE
730,Trump,-0.3,1654,52.17137422412634,general,3,1.9,2024-01-05,FALSE
731,Trump,-0.3,701,56.544739878736436,general,3,1.9,2024-08-14,FALSE
732,Kennedy,-0.3,2513,58.5295390477404,general,3,1.9,2024-05-22,FALSE
733,Oliver,-0.3,1888,51.58644569572061,general,3,1.9,2024-10-07,FALSE
734,Trump,-0.3,1538,51.05742774903774,general,3,1.9,2024-06-23,FALSE
735,Harris,-0.3,2564,40.8805597666651,general,3,1.9,2024-08-30,FALSE
736,West,-0.3,1971,49.954467406496406,general,3,1.9,2024-02-04,FALSE
737,DeSantis,-0.3,2793,59.76405234076083,general,3,1.9,2024-02-12,FALSE
738,Stein,-0.3,2889,56.72893865033984,general,3,1.9,2024-05-15,FALSE
739,Harris,-0.3,1084,47.71617219783366,general,3,1.9,2024-09-21,FALSE
740,Oliver,-0.3,1528,49.732220293954015,general,3,1.9,2024-06-26,FALSE
741,Stein,-0.3,561,45.99634157959372,general,3,1.9,2024-07-03,TRUE
742,Biden,-0.3,1756,45.90511001646519,general,3,1.9,2024-10-17,FALSE
743,Oliver,-0.3,1004,51.671366607770324,general,3,1.9,2024-08-03,FALSE
744,Biden,-0.3,907,52.466691015288234,general,3,1.9,2024-04-19,FALSE
745,Kennedy,-0.3,1939,49.142046086490154,general,3,1.9,2024-03-07,FALSE
746,West,-0.3,2279,43.03425896912813,general,3,1.9,2024-05-19,FALSE
747,Biden,-0.3,1960,55.54581387434155,general,3,1.9,2024-02-13,FALSE
748,Kennedy,-0.3,2501,44.95409743394703,general,3,1.9,2024-07-22,FALSE
749,Stein,-0.3,692,43.997642821632326,general,3,1.9,2024-09-09,FALSE
750,DeSantis,-0.3,667,49.60161546245217,general,3,1.9,2024-03-30,FALSE
751,Kennedy,-0.3,856,40.32787256408483,general,3,1.9,2024-09-27,FALSE
752,Oliver,-0.3,2182,48.61866366583854,general,3,1.9,2024-02-23,FALSE
753,DeSantis,-0.3,1656,58.94112669862807,general,3,1.9,2024-10-27,FALSE
754,DeSantis,-0.3,670,48.38225746527314,general,3,1.9,2024-10-28,FALSE
755,Harris,-0.3,2293,56.14352104719728,general,3,1.9,2024-06-25,TRUE
756,Oliver,-0.3,2897,47.645001569762826,general,3,1.9,2024-10-24,FALSE
757,DeSantis,-0.3,767,48.95319299772382,general,3,1.9,2024-06-10,FALSE
758,Oliver,-0.3,1986,52.42144120391458,general,3,1.9,2024-01-09,FALSE
759,Trump,-0.3,858,48.71418569702655,general,3,1.9,2024-05-16,FALSE
760,Kennedy,-0.3,2671,57.894309386610985,general,3,1.9,2024-06-06,FALSE
761,DeSantis,-0.3,2420,57.38873878493905,general,3,1.9,2024-08-14,FALSE
762,Harris,-0.3,2795,53.38271538261324,general,3,1.9,2024-03-26,FALSE
763,Harris,-0.3,1287,59.66251142323017,general,3,1.9,2024-07-13,FALSE
764,Trump,-0.3,2957,41.432090075686574,general,3,1.9,2024-07-29,FALSE
765,Harris,-0.3,2499,45.09479359257966,general,3,1.9,2024-06-08,FALSE
766,DeSantis,-0.3,1169,58.17703570239246,general,3,1.9,2024-07-03,FALSE
767,Oliver,-0.3,2798,47.78289683163166,general,3,1.9,2024-02-27,FALSE
768,Kennedy,-0.3,2896,52.57561411242932,general,3,1.9,2024-01-15,FALSE
769,Stein,-0.3,2848,43.13343760557473,general,3,1.9,2024-10-09,TRUE
770,Harris,-0.3,2342,47.10881242994219,general,3,1.9,2024-06-14,FALSE
771,West,-0.3,2822,58.66789338178933,general,3,1.9,2024-09-23,FALSE
772,Kennedy,-0.3,1145,52.493836879730225,general,3,1.9,2024-05-10,FALSE
773,Trump,-0.3,1211,47.0976196648553,general,3,1.9,2024-04-24,FALSE
774,Biden,-0.3,2829,51.23503896873444,general,3,1.9,2024-08-23,FALSE
775,Harris,-0.3,2227,50.12546909507364,general,3,1.9,2024-08-29,FALSE
776,Stein,-0.3,638,47.99857441801578,general,3,1.9,2024-06-16,FALSE
777,Harris,-0.3,2965,46.994813554920256,general,3,1.9,2024-10-28,FALSE
778,Trump,-0.3,1523,58.94536623265594,general,3,1.9,2024-03-19,FALSE
779,West,-0.3,2494,56.308447192423046,general,3,1.9,2024-07-11,FALSE
780,Harris,-0.3,952,47.357712793163955,general,3,1.9,2024-04-16,FALSE
781,DeSantis,-0.3,970,58.76175436191261,general,3,1.9,2024-02-18,FALSE
782,Kennedy,-0.3,1176,56.26456209924072,general,3,1.9,2024-03-02,FALSE
783,Kennedy,-0.3,2436,44.35080707538873,general,3,1.9,2024-02-01,FALSE
784,West,-0.3,1955,44.3138169310987,general,3,1.9,2024-05-12,TRUE
785,Stein,-0.3,2917,56.91609370987862,general,3,1.9,2024-05-11,FALSE
786,Stein,-0.3,2857,53.92454724293202,general,3,1.9,2024-05-24,FALSE
787,Oliver,-0.3,1357,42.93186158873141,general,3,1.9,2024-06-03,FALSE
788,DeSantis,-0.3,1033,56.19946447201073,general,3,1.9,2024-02-13,FALSE
789,Stein,-0.3,803,51.94469477981329,general,3,1.9,2024-01-25,FALSE
790,West,-0.3,2891,43.83694479241967,general,3,1.9,2024-01-21,FALSE
791,Stein,-0.3,505,41.82650174945593,general,3,1.9,2024-05-20,FALSE
792,Stein,-0.3,1391,45.87363988626748,general,3,1.9,2024-03-14,FALSE
793,Stein,-0.3,2636,48.41206533834338,general,3,1.9,2024-03-05,FALSE
794,West,-0.3,972,43.058502417989075,general,3,1.9,2024-06-29,FALSE
795,Oliver,-0.3,1101,56.6867445781827,general,3,1.9,2024-09-29,FALSE
796,West,-0.3,1692,48.313950072042644,general,3,1.9,2024-06-20,TRUE
797,Harris,-0.3,1431,53.58764726202935,general,3,1.9,2024-10-20,TRUE
798,Trump,-0.3,2283,52.03148920554668,general,3,1.9,2024-09-09,FALSE
799,Oliver,-0.3,524,48.712020022794604,general,3,1.9,2024-06-30,FALSE
800,Trump,-0.3,1387,50.77710607089102,general,3,1.9,2024-04-06,FALSE
801,Harris,-0.3,1665,43.82210663985461,general,3,1.9,2024-01-04,FALSE
802,Oliver,-0.3,2979,45.57447706349194,general,3,1.9,2024-05-08,FALSE
803,West,-0.3,554,46.766935088671744,general,3,1.9,2024-03-28,FALSE
804,Oliver,-0.3,2267,43.17077788989991,general,3,1.9,2024-07-28,FALSE
805,West,-0.3,1915,54.47003065608442,general,3,1.9,2024-07-23,FALSE
806,Biden,-0.3,1025,59.74879334215075,general,3,1.9,2024-02-16,FALSE
807,Kennedy,-0.3,1742,56.995349754579365,general,3,1.9,2024-06-20,FALSE
808,DeSantis,-0.3,1156,58.70348256547004,general,3,1.9,2024-05-20,FALSE
809,Oliver,-0.3,695,42.594288382679224,general,3,1.9,2024-02-24,FALSE
810,Biden,-0.3,2767,53.58649889472872,general,3,1.9,2024-04-12,FALSE
811,Harris,-0.3,2732,42.43801766075194,general,3,1.9,2024-06-24,FALSE
812,Trump,-0.3,2362,45.18552601337433,general,3,1.9,2024-10-12,FALSE
813,Trump,-0.3,2885,46.68015429750085,general,3,1.9,2024-06-14,FALSE
814,Kennedy,-0.3,1411,51.863222788088024,general,3,1.9,2024-09-08,TRUE
815,West,-0.3,1709,40.689856950193644,general,3,1.9,2024-07-14,FALSE
816,Stein,-0.3,883,55.141333900392056,general,3,1.9,2024-10-22,FALSE
817,Kennedy,-0.3,2690,41.42773380037397,general,3,1.9,2024-02-20,FALSE
818,Stein,-0.3,1969,45.65789861604571,general,3,1.9,2024-06-17,FALSE
819,Oliver,-0.3,1596,41.866586110554636,general,3,1.9,2024-01-10,FALSE
820,Biden,-0.3,786,51.43151497002691,general,3,1.9,2024-01-16,FALSE
821,Kennedy,-0.3,2233,53.83593813050538,general,3,1.9,2024-05-29,FALSE
822,Stein,-0.3,2851,40.342839448712766,general,3,1.9,2024-10-12,FALSE
823,Harris,-0.3,2507,46.20938515756279,general,3,1.9,2024-08-21,FALSE
824,Harris,-0.3,1023,45.367081789299846,general,3,1.9,2024-01-27,FALSE
825,West,-0.3,1242,59.02271559461951,general,3,1.9,2024-08-17,FALSE
826,Kennedy,-0.3,2500,56.392496661283076,general,3,1.9,2024-06-04,FALSE
827,Harris,-0.3,1585,59.38393680844456,general,3,1.9,2024-07-12,TRUE
828,Harris,-0.3,2548,52.86461281590164,general,3,1.9,2024-04-12,FALSE
829,Kennedy,-0.3,602,50.687894956208766,general,3,1.9,2024-08-31,FALSE
830,West,-0.3,1065,48.926057824864984,general,3,1.9,2024-05-31,FALSE
831,Stein,-0.3,748,48.69896560907364,general,3,1.9,2024-02-09,FALSE
832,DeSantis,-0.3,2877,48.8966798549518,general,3,1.9,2024-06-01,FALSE
833,DeSantis,-0.3,683,40.190177713520825,general,3,1.9,2024-10-03,FALSE
834,Harris,-0.3,1466,41.8298080842942,general,3,1.9,2024-04-24,TRUE
835,Biden,-0.3,719,58.29520960804075,general,3,1.9,2024-09-09,FALSE
836,Trump,-0.3,2762,50.60882184654474,general,3,1.9,2024-08-03,FALSE
837,Kennedy,-0.3,2224,44.73375287372619,general,3,1.9,2024-03-08,FALSE
838,Kennedy,-0.3,1264,51.64770172443241,general,3,1.9,2024-02-29,FALSE
839,Kennedy,-0.3,1232,43.54983446188271,general,3,1.9,2024-01-28,FALSE
840,Kennedy,-0.3,605,54.778748168610036,general,3,1.9,2024-02-16,FALSE
841,Trump,-0.3,1116,43.6318095587194,general,3,1.9,2024-09-10,FALSE
842,Stein,-0.3,1418,51.02718465030193,general,3,1.9,2024-09-23,FALSE
843,DeSantis,-0.3,2559,51.23632663860917,general,3,1.9,2024-05-05,FALSE
844,Kennedy,-0.3,1591,58.75690834131092,general,3,1.9,2024-09-27,FALSE
845,Trump,-0.3,1215,46.59107627347112,general,3,1.9,2024-02-17,FALSE
846,Biden,-0.3,637,47.34184790868312,general,3,1.9,2024-07-04,FALSE
847,Kennedy,-0.3,1932,48.48970973864198,general,3,1.9,2024-04-03,FALSE
848,DeSantis,-0.3,1929,51.47345080971718,general,3,1.9,2024-02-25,FALSE
849,Oliver,-0.3,731,42.95172424521297,general,3,1.9,2024-06-18,FALSE
850,Harris,-0.3,1023,47.64060165267438,general,3,1.9,2024-04-15,TRUE
851,Oliver,-0.3,2226,53.57865166384727,general,3,1.9,2024-04-01,FALSE
852,Harris,-0.3,738,40.94666355289519,general,3,1.9,2024-07-08,FALSE
853,Trump,-0.3,1954,40.2231023972854,general,3,1.9,2024-05-21,FALSE
854,DeSantis,-0.3,1314,51.2058471608907,general,3,1.9,2024-05-19,FALSE
855,Biden,-0.3,2819,47.65914847608656,general,3,1.9,2024-09-22,FALSE
856,Kennedy,-0.3,1372,48.93514517694712,general,3,1.9,2024-09-15,FALSE
857,West,-0.3,1030,41.77120414096862,general,3,1.9,2024-06-06,FALSE
858,West,-0.3,1945,46.495591308921576,general,3,1.9,2024-01-07,FALSE
859,Biden,-0.3,2448,45.07662896066904,general,3,1.9,2024-07-23,FALSE
860,Biden,-0.3,1544,53.219593674875796,general,3,1.9,2024-05-28,FALSE
861,Oliver,-0.3,1585,54.238850343972445,general,3,1.9,2024-01-03,FALSE
862,Harris,-0.3,2059,49.06650080345571,general,3,1.9,2024-04-17,TRUE
863,West,-0.3,2345,40.72886023670435,general,3,1.9,2024-07-11,FALSE
864,West,-0.3,2923,58.4220235934481,general,3,1.9,2024-07-26,FALSE
865,Harris,-0.3,2227,55.92755591031164,general,3,1.9,2024-05-24,FALSE
866,Biden,-0.3,1725,51.1021137656644,general,3,1.9,2024-08-11,FALSE
867,Kennedy,-0.3,616,48.862900556996465,general,3,1.9,2024-07-11,FALSE
868,DeSantis,-0.3,2287,53.554003005847335,general,3,1.9,2024-06-14,FALSE
869,Biden,-0.3,996,43.93365617841482,general,3,1.9,2024-01-29,FALSE
870,Harris,-0.3,1500,51.32801006548107,general,3,1.9,2024-08-24,FALSE
871,Biden,-0.3,1580,56.88204249367118,general,3,1.9,2024-01-29,FALSE
872,DeSantis,-0.3,1343,49.952518763020635,general,3,1.9,2024-09-21,FALSE
873,Harris,-0.3,2539,55.73037229012698,general,3,1.9,2024-03-28,FALSE
874,Harris,-0.3,1597,45.01474150456488,general,3,1.9,2024-08-12,TRUE
875,Biden,-0.3,875,57.81493688002229,general,3,1.9,2024-07-01,FALSE
876,Kennedy,-0.3,2754,41.0991432890296,general,3,1.9,2024-05-03,TRUE
877,Trump,-0.3,1947,55.94310587272048,general,3,1.9,2024-01-15,FALSE
878,Harris,-0.3,2260,53.862982429564,general,3,1.9,2024-09-10,FALSE
879,Biden,-0.3,2894,57.444282649084926,general,3,1.9,2024-04-20,FALSE
880,Kennedy,-0.3,594,58.57326915487647,general,3,1.9,2024-10-25,FALSE
881,Oliver,-0.3,1309,56.457371059805155,general,3,1.9,2024-03-04,FALSE
882,West,-0.3,2651,53.463552901521325,general,3,1.9,2024-07-15,FALSE
883,Biden,-0.3,2647,53.629802973009646,general,3,1.9,2024-10-06,FALSE
884,Stein,-0.3,509,40.237089837901294,general,3,1.9,2024-03-09,FALSE
885,Trump,-0.3,1692,57.99089046660811,general,3,1.9,2024-04-06,FALSE
886,West,-0.3,2976,56.41557741444558,general,3,1.9,2024-04-08,FALSE
887,Biden,-0.3,2494,42.03019472770393,general,3,1.9,2024-05-29,FALSE
888,Oliver,-0.3,2120,40.013621263206005,general,3,1.9,2024-01-08,FALSE
889,Trump,-0.3,2112,53.50189591292292,general,3,1.9,2024-07-12,FALSE
890,Kennedy,-0.3,2345,59.231061139144,general,3,1.9,2024-04-05,FALSE
891,DeSantis,-0.3,2477,53.69565529283136,general,3,1.9,2024-08-09,FALSE
892,Biden,-0.3,1266,43.761410834267735,general,3,1.9,2024-08-25,FALSE
893,Harris,-0.3,2932,45.15719881281257,general,3,1.9,2024-06-20,FALSE
894,Oliver,-0.3,1154,43.92254042439163,general,3,1.9,2024-02-14,FALSE
895,West,-0.3,1424,46.81189779192209,general,3,1.9,2024-10-31,FALSE
896,Kennedy,-0.3,717,43.49931232165545,general,3,1.9,2024-03-10,FALSE
897,Oliver,-0.3,2408,58.753641778603196,general,3,1.9,2024-07-25,FALSE
898,DeSantis,-0.3,675,43.53898346889764,general,3,1.9,2024-09-12,FALSE
899,Harris,-0.3,2355,42.297762199305,general,3,1.9,2024-03-27,FALSE
900,Biden,-0.3,831,41.725598950870335,general,3,1.9,2024-08-28,FALSE
901,Biden,-0.3,820,56.43910959362984,general,3,1.9,2024-04-02,FALSE
902,Biden,-0.3,1762,52.39857509266585,general,3,1.9,2024-10-11,FALSE
903,West,-0.3,2270,42.13492360897362,general,3,1.9,2024-05-13,FALSE
904,DeSantis,-0.3,2361,50.26025264989585,general,3,1.9,2024-10-03,FALSE
905,West,-0.3,851,58.52174239233136,general,3,1.9,2024-09-03,FALSE
906,Harris,-0.3,1312,55.31491479836404,general,3,1.9,2024-02-24,FALSE
907,Stein,-0.3,1483,56.72915027011186,general,3,1.9,2024-01-30,FALSE
908,Trump,-0.3,2487,59.13554510567337,general,3,1.9,2024-07-25,FALSE
909,Stein,-0.3,852,42.0295142615214,general,3,1.9,2024-05-10,FALSE
910,Trump,-0.3,896,40.54566606879234,general,3,1.9,2024-07-29,FALSE
911,Stein,-0.3,2855,50.31438935082406,general,3,1.9,2024-08-02,FALSE
912,Stein,-0.3,2508,51.40309694688767,general,3,1.9,2024-03-26,TRUE
913,DeSantis,-0.3,2264,40.1681491592899,general,3,1.9,2024-03-17,FALSE
914,Oliver,-0.3,1157,56.58819743897766,general,3,1.9,2024-05-14,FALSE
915,West,-0.3,2285,46.22318313922733,general,3,1.9,2024-05-28,FALSE
916,West,-0.3,1139,59.46512772701681,general,3,1.9,2024-04-15,FALSE
917,Kennedy,-0.3,1811,43.678144505247474,general,3,1.9,2024-04-25,FALSE
918,Stein,-0.3,2040,58.06681777816266,general,3,1.9,2024-01-19,FALSE
919,Biden,-0.3,2529,54.795264564454556,general,3,1.9,2024-02-03,FALSE
920,Oliver,-0.3,1957,58.558953423053026,general,3,1.9,2024-04-29,FALSE
921,Biden,-0.3,689,49.61227205116302,general,3,1.9,2024-03-01,FALSE
922,DeSantis,-0.3,828,48.31220936495811,general,3,1.9,2024-06-13,FALSE
923,Oliver,-0.3,1376,43.91313785221428,general,3,1.9,2024-10-23,FALSE
924,Kennedy,-0.3,2345,56.800269624218345,general,3,1.9,2024-08-05,FALSE
925,Oliver,-0.3,1828,52.51453598961234,general,3,1.9,2024-07-15,FALSE
926,Oliver,-0.3,2012,45.19748722203076,general,3,1.9,2024-07-21,FALSE
927,Biden,-0.3,2602,59.58079888019711,general,3,1.9,2024-04-23,FALSE
928,DeSantis,-0.3,1137,52.792952810414135,general,3,1.9,2024-04-23,FALSE
929,West,-0.3,2970,52.802821984514594,general,3,1.9,2024-08-20,FALSE
930,Trump,-0.3,2961,48.39228698518127,general,3,1.9,2024-04-22,TRUE
931,West,-0.3,2640,40.53104660939425,general,3,1.9,2024-02-08,FALSE
932,Oliver,-0.3,737,58.780103088356555,general,3,1.9,2024-06-30,FALSE
933,DeSantis,-0.3,687,49.40207002218813,general,3,1.9,2024-05-30,FALSE
934,Biden,-0.3,2852,47.04264204483479,general,3,1.9,2024-06-12,TRUE
935,West,-0.3,1903,46.27707522828132,general,3,1.9,2024-10-17,FALSE
936,Biden,-0.3,1072,55.81228343304247,general,3,1.9,2024-04-04,TRUE
937,Oliver,-0.3,1498,47.98064498696476,general,3,1.9,2024-03-03,FALSE
938,Biden,-0.3,2267,58.35290171671659,general,3,1.9,2024-05-16,FALSE
939,Trump,-0.3,583,46.52144162449986,general,3,1.9,2024-02-19,FALSE
940,Trump,-0.3,2011,50.925793810747564,general,3,1.9,2024-09-07,FALSE
941,DeSantis,-0.3,2227,41.846295734867454,general,3,1.9,2024-07-31,FALSE
942,DeSantis,-0.3,1046,45.003322451375425,general,3,1.9,2024-09-12,FALSE
943,Oliver,-0.3,1181,41.72930042259395,general,3,1.9,2024-09-21,FALSE
944,Oliver,-0.3,685,40.52227910142392,general,3,1.9,2024-03-29,TRUE
945,Oliver,-0.3,1127,41.97299762163311,general,3,1.9,2024-10-06,FALSE
946,Stein,-0.3,2676,50.03611155319959,general,3,1.9,2024-05-27,FALSE
947,West,-0.3,2098,46.97794676292688,general,3,1.9,2024-01-09,FALSE
948,Oliver,-0.3,1464,46.86686931643635,general,3,1.9,2024-06-11,FALSE
949,Kennedy,-0.3,1179,43.886537877842784,general,3,1.9,2024-10-22,FALSE
950,Biden,-0.3,2758,51.36812065728009,general,3,1.9,2024-07-19,FALSE
951,Harris,-0.3,2467,55.26958825998008,general,3,1.9,2024-03-03,FALSE
952,Oliver,-0.3,1713,58.39174729771912,general,3,1.9,2024-08-21,FALSE
953,West,-0.3,2409,57.48999544419348,general,3,1.9,2024-10-15,FALSE
954,Stein,-0.3,2298,42.48973579611629,general,3,1.9,2024-07-10,FALSE
955,Trump,-0.3,694,46.47983004339039,general,3,1.9,2024-08-09,FALSE
956,DeSantis,-0.3,573,44.55808497034013,general,3,1.9,2024-02-22,FALSE
957,Harris,-0.3,1473,43.55317944660783,general,3,1.9,2024-05-20,FALSE
958,Biden,-0.3,2736,56.51966950390488,general,3,1.9,2024-01-24,FALSE
959,Stein,-0.3,2262,56.58859743271023,general,3,1.9,2024-07-08,FALSE
960,DeSantis,-0.3,1008,58.71584420558065,general,3,1.9,2024-06-06,FALSE
961,Trump,-0.3,2673,59.40648844931275,general,3,1.9,2024-02-01,FALSE
962,Harris,-0.3,1496,42.01076809782535,general,3,1.9,2024-03-28,FALSE
963,Harris,-0.3,2704,42.61894405819476,general,3,1.9,2024-09-24,TRUE
964,Oliver,-0.3,1123,45.67217129282653,general,3,1.9,2024-07-29,FALSE
965,DeSantis,-0.3,2884,56.46368669811636,general,3,1.9,2024-08-05,FALSE
966,Kennedy,-0.3,711,49.36885254457593,general,3,1.9,2024-07-31,FALSE
967,Biden,-0.3,810,46.911124982871115,general,3,1.9,2024-08-17,FALSE
968,Oliver,-0.3,2508,55.78709052875638,general,3,1.9,2024-07-27,FALSE
969,DeSantis,-0.3,1843,41.28031089436263,general,3,1.9,2024-06-04,FALSE
970,Harris,-0.3,1134,44.535860042087734,general,3,1.9,2024-10-22,FALSE
971,West,-0.3,2526,46.32349856663495,general,3,1.9,2024-07-03,TRUE
972,Kennedy,-0.3,1437,49.74940282758325,general,3,1.9,2024-01-26,FALSE
973,Oliver,-0.3,2894,43.606546418741345,general,3,1.9,2024-04-15,FALSE
974,West,-0.3,1144,58.10861025005579,general,3,1.9,2024-08-01,FALSE
975,Biden,-0.3,2864,59.957812083885074,general,3,1.9,2024-05-08,FALSE
976,West,-0.3,2077,42.573325047269464,general,3,1.9,2024-08-23,FALSE
977,Trump,-0.3,2699,57.269300082698464,general,3,1.9,2024-10-21,FALSE
978,Trump,-0.3,1909,45.45725972857326,general,3,1.9,2024-02-05,FALSE
979,Stein,-0.3,2576,51.70340244658291,general,3,1.9,2024-05-03,FALSE
980,Trump,-0.3,1559,51.982357488013804,general,3,1.9,2024-08-24,FALSE
981,Oliver,-0.3,993,46.71748785302043,general,3,1.9,2024-04-27,FALSE
982,Harris,-0.3,1897,53.177037672139704,general,3,1.9,2024-03-27,FALSE
983,Biden,-0.3,1716,49.424177361652255,general,3,1.9,2024-06-28,FALSE
984,Biden,-0.3,2271,50.94083413481712,general,3,1.9,2024-10-13,FALSE
985,Harris,-0.3,1948,55.955682774074376,general,3,1.9,2024-01-09,FALSE
986,Oliver,-0.3,2758,47.3090715194121,general,3,1.9,2024-08-12,FALSE
987,Biden,-0.3,578,45.92279130592942,general,3,1.9,2024-10-17,FALSE
988,Harris,-0.3,2742,51.72386997845024,general,3,1.9,2024-10-26,FALSE
989,Oliver,-0.3,1809,50.8359688706696,general,3,1.9,2024-04-04,FALSE
990,Stein,-0.3,1426,51.6582940146327,general,3,1.9,2024-08-08,FALSE
991,Kennedy,-0.3,2734,50.953219812363386,general,3,1.9,2024-06-05,FALSE
992,Harris,-0.3,1444,41.30604558158666,general,3,1.9,2024-03-15,FALSE
993,West,-0.3,1059,51.95599273778498,general,3,1.9,2024-08-06,TRUE
994,Kennedy,-0.3,621,55.37126083858311,general,3,1.9,2024-04-26,FALSE
995,Trump,-0.3,1976,47.03340347856283,general,3,1.9,2024-02-05,FALSE
996,Biden,-0.3,1589,42.9275912232697,general,3,1.9,2024-07-25,FALSE
997,Harris,-0.3,2836,45.61533946078271,general,3,1.9,2024-07-01,FALSE
998,Trump,-0.3,1052,50.745153236202896,general,3,1.9,2024-05-03,FALSE
999,Kennedy,-0.3,1290,48.04636849090457,general,3,1.9,2024-03-10,FALSE
1000,Stein,-0.3,1998,54.454307430423796,general,3,1.9,2024-01-16,FALSE
